,Country Name,Country Code,year,value
0,Afghanistan,AFG,2010,20.6000003815
1,Angola,AGO,2010,10.800000190699999
2,Albania,ALB,2010,25.7999992371
3,Arab World,ARB,2010,25.0222141591
4,United Arab Emirates,ARE,2010,9.8000001907
5,Argentina,ARG,2010,19.5
6,Armenia,ARM,2010,38.2999992371
7,Australia,AUS,2010,11.399999618499999
8,Austria,AUT,2010,8.8000001907
9,Azerbaijan,AZE,2010,14.600000381500001
10,Burundi,BDI,2010,10.800000190699999
11,Belgium,BEL,2010,22.5
12,Benin,BEN,2010,2.0
13,Burkina Faso,BFA,2010,5.1999998093
14,Bangladesh,BGD,2010,8.1999998093
15,Bulgaria,BGR,2010,22.8999996185
16,Bahrain,BHR,2010,10.1999998093
17,"Bahamas, The",BHS,2010,36.0
18,Bosnia and Herzegovina,BIH,2010,57.2000007629
19,Belarus,BLR,2010,13.199999809300001
20,Belize,BLZ,2010,20.8999996185
21,Bolivia,BOL,2010,6.0
22,Brazil,BRA,2010,17.2000007629
23,Barbados,BRB,2010,25.2999992371
24,Brunei Darussalam,BRN,2010,10.899999618499999
25,Bhutan,BTN,2010,8.3999996185
26,Botswana,BWA,2010,33.0
27,Central African Republic,CAF,2010,10.800000190699999
28,Canada,CAN,2010,14.800000190699999
29,Central Europe and the Baltics,CEB,2010,24.5585104398
30,Switzerland,CHE,2010,7.6999998092999995
31,Chile,CHL,2010,18.6000003815
32,China,CHN,2010,9.0
33,Cote d'Ivoire,CIV,2010,6.1999998092999995
34,Cameroon,CMR,2010,6.400000095399999
35,"Congo, Rep.",COG,2010,10.6000003815
36,Colombia,COL,2010,24.2999992371
37,Comoros,COM,2010,10.6000003815
38,Cabo Verde,CPV,2010,18.2000007629
39,Costa Rica,CRI,2010,17.0
40,Caribbean small states,CSS,2010,25.004049806999998
41,Cuba,CUB,2010,6.099999904600001
42,Cyprus,CYP,2010,16.0
43,Czech Republic,CZE,2010,18.5
44,Germany,DEU,2010,9.6999998093
45,Denmark,DNK,2010,14.100000381500001
46,Dominican Republic,DOM,2010,25.2999992371
47,Algeria,DZA,2010,22.2000007629
48,East Asia & Pacific (excluding high income),EAP,2010,11.0018219321
49,Early-demographic dividend,EAR,2010,14.250745930899999
50,East Asia & Pacific,EAS,2010,10.925129610499999
51,Europe & Central Asia (excluding high income),ECA,2010,19.2243398817
52,Europe & Central Asia,ECS,2010,20.4329997585
53,Ecuador,ECU,2010,11.300000190699999
54,"Egypt, Arab Rep.",EGY,2010,26.2999992371
55,Euro area,EMU,2010,22.3871307255
56,Eritrea,ERI,2010,10.800000190699999
57,Spain,ESP,2010,42.5
58,Estonia,EST,2010,33.2999992371
59,Ethiopia,ETH,2010,7.400000095399999
60,European Union,EUU,2010,22.158531432800004
61,Fragile and conflict affected situations,FCS,2010,16.1362716232
62,Finland,FIN,2010,20.3999996185
63,Fiji,FJI,2010,20.1000003815
64,France,FRA,2010,22.6000003815
65,Gabon,GAB,2010,34.5
66,United Kingdom,GBR,2010,19.6000003815
67,Georgia,GEO,2010,36.7999992371
68,Ghana,GHA,2010,11.399999618499999
69,Guinea,GIN,2010,1.8999999762
70,"Gambia, The",GMB,2010,10.6999998093
71,Guinea-Bissau,GNB,2010,10.6999998093
72,Equatorial Guinea,GNQ,2010,10.800000190699999
73,Greece,GRC,2010,32.4000015259
74,Guatemala,GTM,2010,5.6999998092999995
75,Guyana,GUY,2010,23.2999992371
76,High income,HIC,2010,18.5172039316
77,"Hong Kong SAR, China",HKG,2010,12.100000381500001
78,Honduras,HND,2010,9.1000003815
79,Heavily indebted poor countries (HIPC),HPC,2010,11.6765798757
80,Croatia,HRV,2010,33.5
81,Haiti,HTI,2010,19.2999992371
82,Hungary,HUN,2010,26.6000003815
83,IBRD only,IBD,2010,13.960167074800001
84,IDA & IBRD total,IBT,2010,13.2261609855
85,IDA total,IDA,2010,11.2509002585
86,IDA blend,IDB,2010,10.5468182701
87,Indonesia,IDN,2010,25.0
88,IDA only,IDX,2010,11.6561808941
89,India,IND,2010,10.1999998093
90,Ireland,IRL,2010,28.0
91,"Iran, Islamic Rep.",IRN,2010,28.3999996185
92,Iraq,IRQ,2010,32.2999992371
93,Iceland,ISL,2010,16.1000003815
94,Israel,ISR,2010,13.600000381500001
95,Italy,ITA,2010,27.7999992371
96,Jamaica,JAM,2010,30.0
97,Jordan,JOR,2010,30.1000003815
98,Japan,JPN,2010,9.1000003815
99,Kazakhstan,KAZ,2010,6.0
100,Kenya,KEN,2010,17.1000003815
101,Kyrgyz Republic,KGZ,2010,16.6000003815
102,Cambodia,KHM,2010,0.8999999762
103,"Korea, Rep.",KOR,2010,9.6999998093
104,Kuwait,KWT,2010,10.6000003815
105,Latin America & Caribbean (excluding high income),LAC,2010,14.9116958523
106,Lao PDR,LAO,2010,3.2000000476999997
107,Lebanon,LBN,2010,20.8999996185
108,Liberia,LBR,2010,5.0
109,Libya,LBY,2010,43.7999992371
110,Latin America & Caribbean,LCN,2010,15.133832565799999
111,Least developed countries: UN classification,LDC,2010,11.4065996768
112,Low income,LIC,2010,10.3853771252
113,Sri Lanka,LKA,2010,18.7999992371
114,Lower middle income,LMC,2010,13.061031019000001
115,Low & middle income,LMY,2010,13.144879639500001
116,Lesotho,LSO,2010,35.5999984741
117,Late-demographic dividend,LTE,2010,11.5860972485
118,Lithuania,LTU,2010,35.2000007629
119,Luxembourg,LUX,2010,14.5
120,Latvia,LVA,2010,34.9000015259
121,"Macao SAR, China",MAC,2010,5.3000001907
122,Morocco,MAR,2010,17.7000007629
123,Moldova,MDA,2010,17.7000007629
124,Madagascar,MDG,2010,6.1999998092999995
125,Maldives,MDV,2010,25.3999996185
126,Middle East & North Africa,MEA,2010,25.9238864869
127,Mexico,MEX,2010,9.3999996185
128,Middle income,MIC,2010,13.4536770278
129,"Macedonia, FYR",MKD,2010,53.7000007629
130,Mali,MLI,2010,10.3000001907
131,Malta,MLT,2010,13.199999809300001
132,Myanmar,MMR,2010,9.3999996185
133,Middle East & North Africa (excluding high income),MNA,2010,26.5049249555
134,Montenegro,MNE,2010,46.0
135,Mongolia,MNG,2010,14.100000381500001
136,Mozambique,MOZ,2010,40.7000007629
137,Mauritania,MRT,2010,46.7000007629
138,Mauritius,MUS,2010,23.1000003815
139,Malawi,MWI,2010,13.800000190699999
140,Malaysia,MYS,2010,11.0
141,North America,NAC,2010,18.3279230855
142,Namibia,NAM,2010,44.0999984741
143,Niger,NER,2010,7.1999998092999995
144,Nigeria,NGA,2010,13.800000190699999
145,Nicaragua,NIC,2010,12.300000190699999
146,Netherlands,NLD,2010,8.8000001907
147,Norway,NOR,2010,9.1999998093
148,Nepal,NPL,2010,4.0
149,New Zealand,NZL,2010,17.0
150,OECD members,OED,2010,17.2466347948
151,Oman,OMN,2010,19.2999992371
152,Other small states,OSS,2010,24.2590077378
153,Pakistan,PAK,2010,8.1999998093
154,Panama,PAN,2010,14.899999618499999
155,Peru,PER,2010,9.0
156,Philippines,PHL,2010,16.7999992371
157,Papua New Guinea,PNG,2010,5.400000095399999
158,Poland,POL,2010,23.3999996185
159,Pre-demographic dividend,PRE,2010,13.9968224414
160,Puerto Rico,PRI,2010,30.6000003815
161,"Korea, Dem. People’s Rep.",PRK,2010,10.1999998093
162,Portugal,PRT,2010,22.2999992371
163,Paraguay,PRY,2010,11.899999618499999
164,Post-demographic dividend,PST,2010,17.7982556316
165,Qatar,QAT,2010,1.5
166,Romania,ROU,2010,22.2999992371
167,Russian Federation,RUS,2010,16.7999992371
168,Rwanda,RWA,2010,0.6999999881
169,South Asia,SAS,2010,9.9432927422
170,Saudi Arabia,SAU,2010,29.7999992371
171,Sudan,SDN,2010,22.7999992371
172,Senegal,SEN,2010,13.0
173,Singapore,SGP,2010,9.8999996185
174,Solomon Islands,SLB,2010,9.1000003815
175,Sierra Leone,SLE,2010,5.0999999046
176,El Salvador,SLV,2010,13.0
177,Somalia,SOM,2010,10.5
178,Serbia,SRB,2010,45.5
179,Sub-Saharan Africa (excluding high income),SSA,2010,14.652528896500002
180,Sub-Saharan Africa,SSF,2010,14.652528896500002
181,Small states,SST,2010,24.0400469545
182,Suriname,SUR,2010,20.7000007629
183,Slovak Republic,SVK,2010,33.7000007629
184,Slovenia,SVN,2010,14.600000381500001
185,Sweden,SWE,2010,25.2000007629
186,Swaziland,SWZ,2010,42.0
187,Syrian Arab Republic,SYR,2010,19.2999992371
188,Chad,TCD,2010,10.3999996185
189,East Asia & Pacific (IDA & IBRD countries),TEA,2010,11.0109481038
190,Europe & Central Asia (IDA & IBRD countries),TEC,2010,19.647733653299998
191,Togo,TGO,2010,10.800000190699999
192,Thailand,THA,2010,4.0
193,Tajikistan,TJK,2010,17.2999992371
194,Turkmenistan,TKM,2010,20.6000003815
195,Latin America & the Caribbean (IDA & IBRD countries),TLA,2010,15.1664579574
196,Middle East & North Africa (IDA & IBRD countries),TMN,2010,26.3688761612
197,Timor-Leste,TLS,2010,13.100000381500001
198,South Asia (IDA & IBRD),TSA,2010,9.9432927422
199,Sub-Saharan Africa (IDA & IBRD countries),TSS,2010,14.652528896500002
200,Trinidad and Tobago,TTO,2010,14.0
201,Tunisia,TUN,2010,29.3999996185
202,Turkey,TUR,2010,21.2000007629
203,Tanzania,TZA,2010,5.599999904600001
204,Uganda,UGA,2010,7.400000095399999
205,Ukraine,UKR,2010,17.3999996185
206,Upper middle income,UMC,2010,13.918079468299998
207,Uruguay,URY,2010,20.7999992371
208,United States,USA,2010,18.7000007629
209,Uzbekistan,UZB,2010,20.6000003815
210,"Venezuela, RB",VEN,2010,17.5
211,Vietnam,VNM,2010,6.099999904600001
212,West Bank and Gaza,PSE,2010,37.7000007629
213,World,WLD,2010,13.784956937999999
214,"Yemen, Rep.",YEM,2010,30.2999992371
215,South Africa,ZAF,2010,50.7999992371
216,"Congo, Dem. Rep.",COD,2010,12.300000190699999
217,Zambia,ZMB,2010,26.3999996185
218,Zimbabwe,ZWE,2010,9.6000003815
219,Afghanistan,AFG,2011,20.8999996185
220,Angola,AGO,2011,10.6999998093
221,Albania,ALB,2011,27.0
222,Arab World,ARB,2011,28.1175156719
223,United Arab Emirates,ARE,2011,9.8000001907
224,Argentina,ARG,2011,18.7999992371
225,Armenia,ARM,2011,38.7000007629
226,Australia,AUS,2011,11.399999618499999
227,Austria,AUT,2011,8.1999998093
228,Azerbaijan,AZE,2011,14.5
229,Burundi,BDI,2011,10.800000190699999
230,Belgium,BEL,2011,18.6000003815
231,Benin,BEN,2011,2.0
232,Burkina Faso,BFA,2011,5.3000001907
233,Bangladesh,BGD,2011,8.1999998093
234,Bulgaria,BGR,2011,25.2000007629
235,Bahrain,BHR,2011,11.399999618499999
236,"Bahamas, The",BHS,2011,27.2000007629
237,Bosnia and Herzegovina,BIH,2011,57.0999984741
238,Belarus,BLR,2011,12.5
239,Belize,BLZ,2011,24.2999992371
240,Bolivia,BOL,2011,5.5
241,Brazil,BRA,2011,15.199999809300001
242,Barbados,BRB,2011,25.5
243,Brunei Darussalam,BRN,2011,10.899999618499999
244,Bhutan,BTN,2011,8.3999996185
245,Botswana,BWA,2011,33.2000007629
246,Central African Republic,CAF,2011,10.800000190699999
247,Canada,CAN,2011,14.100000381500001
248,Central Europe and the Baltics,CEB,2011,25.4807708113
249,Switzerland,CHE,2011,7.599999904600001
250,Chile,CHL,2011,17.6000003815
251,China,CHN,2011,9.3000001907
252,Cote d'Ivoire,CIV,2011,6.3000001907000005
253,Cameroon,CMR,2011,6.400000095399999
254,"Congo, Rep.",COG,2011,10.800000190699999
255,Colombia,COL,2011,23.2000007629
256,Comoros,COM,2011,10.6000003815
257,Cabo Verde,CPV,2011,18.1000003815
258,Costa Rica,CRI,2011,17.0
259,Caribbean small states,CSS,2011,23.8588269577
260,Cuba,CUB,2011,6.6999998092999995
261,Cyprus,CYP,2011,21.3999996185
262,Czech Republic,CZE,2011,17.8999996185
263,Germany,DEU,2011,8.3999996185
264,Denmark,DNK,2011,14.300000190699999
265,Dominican Republic,DOM,2011,30.0
266,Algeria,DZA,2011,22.5
267,East Asia & Pacific (excluding high income),EAP,2011,10.6879596678
268,Early-demographic dividend,EAR,2011,14.1804193217
269,East Asia & Pacific,EAS,2011,10.5861371093
270,Europe & Central Asia (excluding high income),ECA,2011,18.3308470973
271,Europe & Central Asia,ECS,2011,20.229570078
272,Ecuador,ECU,2011,10.6999998093
273,"Egypt, Arab Rep.",EGY,2011,33.9000015259
274,Euro area,EMU,2011,22.9145776032
275,Eritrea,ERI,2011,10.6000003815
276,Spain,ESP,2011,47.0999984741
277,Estonia,EST,2011,22.6000003815
278,Ethiopia,ETH,2011,7.5
279,European Union,EUU,2011,22.7935958464
280,Fragile and conflict affected situations,FCS,2011,16.6835495077
281,Finland,FIN,2011,18.8999996185
282,Fiji,FJI,2011,20.1000003815
283,France,FRA,2011,21.8999996185
284,Gabon,GAB,2011,34.5
285,United Kingdom,GBR,2011,20.1000003815
286,Georgia,GEO,2011,36.5999984741
287,Ghana,GHA,2011,9.3999996185
288,Guinea,GIN,2011,1.3999999762
289,"Gambia, The",GMB,2011,11.100000381500001
290,Guinea-Bissau,GNB,2011,10.6000003815
291,Equatorial Guinea,GNQ,2011,10.6000003815
292,Greece,GRC,2011,44.0999984741
293,Guatemala,GTM,2011,7.400000095399999
294,Guyana,GUY,2011,22.8999996185
295,High income,HIC,2011,18.184176411099997
296,"Hong Kong SAR, China",HKG,2011,9.1999998093
297,Honduras,HND,2011,8.3000001907
298,Heavily indebted poor countries (HIPC),HPC,2011,11.631834993499998
299,Croatia,HRV,2011,36.5999984741
300,Haiti,HTI,2011,16.7000007629
301,Hungary,HUN,2011,26.0
302,IBRD only,IBD,2011,13.990206235499999
303,IDA & IBRD total,IBT,2011,13.1978435626
304,IDA total,IDA,2011,11.122135384000002
305,IDA blend,IDB,2011,10.247668414
306,Indonesia,IDN,2011,21.3999996185
307,IDA only,IDX,2011,11.6193877364
308,India,IND,2011,10.3000001907
309,Ireland,IRL,2011,29.1000003815
310,"Iran, Islamic Rep.",IRN,2011,28.3999996185
311,Iraq,IRQ,2011,32.4000015259
312,Iceland,ISL,2011,14.600000381500001
313,Israel,ISR,2011,11.600000381500001
314,Italy,ITA,2011,29.1000003815
315,Jamaica,JAM,2011,29.5
316,Jordan,JOR,2011,31.6000003815
317,Japan,JPN,2011,8.0
318,Kazakhstan,KAZ,2011,5.3000001907
319,Kenya,KEN,2011,17.1000003815
320,Kyrgyz Republic,KGZ,2011,15.899999618499999
321,Cambodia,KHM,2011,0.6999999881
322,"Korea, Rep.",KOR,2011,9.6999998093
323,Kuwait,KWT,2011,21.6000003815
324,Latin America & Caribbean (excluding high income),LAC,2011,14.2396892512
325,Lao PDR,LAO,2011,3.2000000476999997
326,Lebanon,LBN,2011,20.7999992371
327,Liberia,LBR,2011,5.0
328,Libya,LBY,2011,42.5999984741
329,Latin America & Caribbean,LCN,2011,14.4331485565
330,Least developed countries: UN classification,LDC,2011,11.4529094727
331,Low income,LIC,2011,10.4210607509
332,Sri Lanka,LKA,2011,16.8999996185
333,Lower middle income,LMC,2011,13.128081849900001
334,Low & middle income,LMY,2011,13.1108294382
335,Lesotho,LSO,2011,37.7999992371
336,Late-demographic dividend,LTE,2011,11.4973497225
337,Lithuania,LTU,2011,32.0
338,Luxembourg,LUX,2011,16.7999992371
339,Latvia,LVA,2011,31.0
340,"Macao SAR, China",MAC,2011,5.8000001907000005
341,Morocco,MAR,2011,17.7999992371
342,Moldova,MDA,2011,15.100000381500001
343,Madagascar,MDG,2011,6.1999998092999995
344,Maldives,MDV,2011,25.5
345,Middle East & North Africa,MEA,2011,28.7121316339
346,Mexico,MEX,2011,10.0
347,Middle income,MIC,2011,13.42221763
348,"Macedonia, FYR",MKD,2011,55.4000015259
349,Mali,MLI,2011,10.3999996185
350,Malta,MLT,2011,14.0
351,Myanmar,MMR,2011,9.3999996185
352,Middle East & North Africa (excluding high income),MNA,2011,29.635392248200002
353,Montenegro,MNE,2011,37.2000007629
354,Mongolia,MNG,2011,9.0
355,Mozambique,MOZ,2011,40.7000007629
356,Mauritania,MRT,2011,46.7000007629
357,Mauritius,MUS,2011,21.7000007629
358,Malawi,MWI,2011,13.899999618499999
359,Malaysia,MYS,2011,10.0
360,North America,NAC,2011,17.0869456394
361,Namibia,NAM,2011,40.0999984741
362,Niger,NER,2011,7.3000001907000005
363,Nigeria,NGA,2011,13.800000190699999
364,Nicaragua,NIC,2011,11.600000381500001
365,Netherlands,NLD,2011,7.5
366,Norway,NOR,2011,8.6999998093
367,Nepal,NPL,2011,4.0
368,New Zealand,NZL,2011,17.2000007629
369,OECD members,OED,2011,16.7646677229
370,Oman,OMN,2011,19.0
371,Other small states,OSS,2011,23.5371739131
372,Pakistan,PAK,2011,8.1000003815
373,Panama,PAN,2011,11.899999618499999
374,Peru,PER,2011,9.5
375,Philippines,PHL,2011,16.1000003815
376,Papua New Guinea,PNG,2011,5.3000001907
377,Poland,POL,2011,25.5
378,Pre-demographic dividend,PRE,2011,14.0709136192
379,Puerto Rico,PRI,2011,30.1000003815
380,"Korea, Dem. People’s Rep.",PRK,2011,10.3000001907
381,Portugal,PRT,2011,30.0
382,Paraguay,PRY,2011,10.1999998093
383,Post-demographic dividend,PST,2011,17.476304986600002
384,Qatar,QAT,2011,1.7000000477000001
385,Romania,ROU,2011,23.8999996185
386,Russian Federation,RUS,2011,15.300000190699999
387,Rwanda,RWA,2011,0.6999999881
388,South Asia,SAS,2011,9.9950869587
389,Saudi Arabia,SAU,2011,30.1000003815
390,Sudan,SDN,2011,22.7000007629
391,Senegal,SEN,2011,12.399999618499999
392,Singapore,SGP,2011,9.1999998093
393,Solomon Islands,SLB,2011,8.8999996185
394,Sierra Leone,SLE,2011,5.0999999046
395,El Salvador,SLV,2011,12.0
396,Somalia,SOM,2011,10.5
397,Serbia,SRB,2011,50.4000015259
398,Sub-Saharan Africa (excluding high income),SSA,2011,14.5239079316
399,Sub-Saharan Africa,SSF,2011,14.5239079316
400,Small states,SST,2011,23.2682815637
401,Suriname,SUR,2011,19.0
402,Slovak Republic,SVK,2011,33.0999984741
403,Slovenia,SVN,2011,15.800000190699999
404,Sweden,SWE,2011,23.2000007629
405,Swaziland,SWZ,2011,42.2000007629
406,Syrian Arab Republic,SYR,2011,33.7000007629
407,Chad,TCD,2011,10.899999618499999
408,East Asia & Pacific (IDA & IBRD countries),TEA,2011,10.692483428300001
409,Europe & Central Asia (IDA & IBRD countries),TEC,2011,19.00293831
410,Togo,TGO,2011,10.800000190699999
411,Thailand,THA,2011,2.9000000954000003
412,Tajikistan,TJK,2011,16.3999996185
413,Turkmenistan,TKM,2011,21.0
414,Latin America & the Caribbean (IDA & IBRD countries),TLA,2011,14.4500444763
415,Middle East & North Africa (IDA & IBRD countries),TMN,2011,29.578358342199998
416,Timor-Leste,TLS,2011,12.600000381500001
417,South Asia (IDA & IBRD),TSA,2011,9.9950869587
418,Sub-Saharan Africa (IDA & IBRD countries),TSS,2011,14.5239079316
419,Trinidad and Tobago,TTO,2011,11.199999809300001
420,Tunisia,TUN,2011,42.7000007629
421,Turkey,TUR,2011,17.8999996185
422,Tanzania,TZA,2011,6.599999904600001
423,Uganda,UGA,2011,7.400000095399999
424,Ukraine,UKR,2011,19.0
425,Upper middle income,UMC,2011,13.7796054369
426,Uruguay,URY,2011,17.8999996185
427,United States,USA,2011,17.3999996185
428,Uzbekistan,UZB,2011,20.6000003815
429,"Venezuela, RB",VEN,2011,17.3999996185
430,Vietnam,VNM,2011,5.3000001907
431,West Bank and Gaza,PSE,2011,34.0999984741
432,World,WLD,2011,13.7146725708
433,"Yemen, Rep.",YEM,2011,30.0
434,South Africa,ZAF,2011,50.0999984741
435,"Congo, Dem. Rep.",COD,2011,12.300000190699999
436,Zambia,ZMB,2011,26.6000003815
437,Zimbabwe,ZWE,2011,8.3000001907
438,Afghanistan,AFG,2012,19.7000007629
439,Angola,AGO,2012,10.6999998093
440,Albania,ALB,2012,28.2999992371
441,Arab World,ARB,2012,29.1132120157
442,United Arab Emirates,ARE,2012,9.8000001907
443,Argentina,ARG,2012,18.3999996185
444,Armenia,ARM,2012,35.0
445,Australia,AUS,2012,11.699999809300001
446,Austria,AUT,2012,8.6999998093
447,Azerbaijan,AZE,2012,14.300000190699999
448,Burundi,BDI,2012,10.800000190699999
449,Belgium,BEL,2012,19.7000007629
450,Benin,BEN,2012,2.0
451,Burkina Faso,BFA,2012,5.1999998093
452,Bangladesh,BGD,2012,8.1999998093
453,Bulgaria,BGR,2012,28.2000007629
454,Bahrain,BHR,2012,10.5
455,"Bahamas, The",BHS,2012,30.3999996185
456,Bosnia and Herzegovina,BIH,2012,61.7000007629
457,Belarus,BLR,2012,11.800000190699999
458,Belize,BLZ,2012,26.0
459,Bolivia,BOL,2012,5.5
460,Brazil,BRA,2012,14.399999618499999
461,Barbados,BRB,2012,26.5
462,Brunei Darussalam,BRN,2012,11.0
463,Bhutan,BTN,2012,6.400000095399999
464,Botswana,BWA,2012,33.2999992371
465,Central African Republic,CAF,2012,10.6999998093
466,Canada,CAN,2012,14.300000190699999
467,Central Europe and the Baltics,CEB,2012,26.3224709199
468,Switzerland,CHE,2012,8.5
469,Chile,CHL,2012,16.2000007629
470,China,CHN,2012,9.6999998093
471,Cote d'Ivoire,CIV,2012,6.0
472,Cameroon,CMR,2012,6.400000095399999
473,"Congo, Rep.",COG,2012,10.800000190699999
474,Colombia,COL,2012,20.6000003815
475,Comoros,COM,2012,10.5
476,Cabo Verde,CPV,2012,18.2999992371
477,Costa Rica,CRI,2012,18.7999992371
478,Caribbean small states,CSS,2012,25.977573554699998
479,Cuba,CUB,2012,6.8000001907000005
480,Cyprus,CYP,2012,26.7999992371
481,Czech Republic,CZE,2012,19.6000003815
482,Germany,DEU,2012,8.1000003815
483,Denmark,DNK,2012,14.100000381500001
484,Dominican Republic,DOM,2012,30.8999996185
485,Algeria,DZA,2012,26.2999992371
486,East Asia & Pacific (excluding high income),EAP,2012,10.8914205757
487,Early-demographic dividend,EAR,2012,14.328332245999999
488,East Asia & Pacific,EAS,2012,10.7546950254
489,Europe & Central Asia (excluding high income),ECA,2012,17.8410419476
490,Europe & Central Asia,ECS,2012,21.1039424262
491,Ecuador,ECU,2012,10.899999618499999
492,"Egypt, Arab Rep.",EGY,2012,37.9000015259
493,Euro area,EMU,2012,25.8080948858
494,Eritrea,ERI,2012,10.6000003815
495,Spain,ESP,2012,54.2999992371
496,Estonia,EST,2012,21.0
497,Ethiopia,ETH,2012,7.900000095399999
498,European Union,EUU,2012,25.0325857728
499,Fragile and conflict affected situations,FCS,2012,16.614889383
500,Finland,FIN,2012,17.7999992371
501,Fiji,FJI,2012,20.2000007629
502,France,FRA,2012,23.7999992371
503,Gabon,GAB,2012,34.5999984741
504,United Kingdom,GBR,2012,21.3999996185
505,Georgia,GEO,2012,33.7999992371
506,Ghana,GHA,2012,7.400000095399999
507,Guinea,GIN,2012,1.3999999762
508,"Gambia, The",GMB,2012,10.6999998093
509,Guinea-Bissau,GNB,2012,11.0
510,Equatorial Guinea,GNQ,2012,10.6999998093
511,Greece,GRC,2012,54.7000007629
512,Guatemala,GTM,2012,5.599999904600001
513,Guyana,GUY,2012,23.1000003815
514,High income,HIC,2012,18.6535688815
515,"Hong Kong SAR, China",HKG,2012,9.3000001907
516,Honduras,HND,2012,7.099999904600001
517,Heavily indebted poor countries (HIPC),HPC,2012,11.488854950999999
518,Croatia,HRV,2012,44.0999984741
519,Haiti,HTI,2012,17.2999992371
520,Hungary,HUN,2012,27.8999996185
521,IBRD only,IBD,2012,14.209126115799998
522,IDA & IBRD total,IBT,2012,13.3127821382
523,IDA total,IDA,2012,11.0372710863
524,IDA blend,IDB,2012,10.1711132437
525,Indonesia,IDN,2012,20.2999992371
526,IDA only,IDX,2012,11.5225699711
527,India,IND,2012,10.6999998093
528,Ireland,IRL,2012,30.3999996185
529,"Iran, Islamic Rep.",IRN,2012,28.2999992371
530,Iraq,IRQ,2012,32.4000015259
531,Iceland,ISL,2012,13.399999618499999
532,Israel,ISR,2012,12.300000190699999
533,Italy,ITA,2012,35.2000007629
534,Jamaica,JAM,2012,32.9000015259
535,Jordan,JOR,2012,31.2999992371
536,Japan,JPN,2012,7.8000001907000005
537,Kazakhstan,KAZ,2012,4.5999999046
538,Kenya,KEN,2012,17.2999992371
539,Kyrgyz Republic,KGZ,2012,16.6000003815
540,Cambodia,KHM,2012,0.5
541,"Korea, Rep.",KOR,2012,8.8999996185
542,Kuwait,KWT,2012,21.1000003815
543,Latin America & Caribbean (excluding high income),LAC,2012,13.5186341205
544,Lao PDR,LAO,2012,3.2999999523000003
545,Lebanon,LBN,2012,20.7999992371
546,Liberia,LBR,2012,5.0
547,Libya,LBY,2012,46.2000007629
548,Latin America & Caribbean,LCN,2012,13.6953862209
549,Least developed countries: UN classification,LDC,2012,11.4318319651
550,Low income,LIC,2012,10.4052704834
551,Sri Lanka,LKA,2012,16.6000003815
552,Lower middle income,LMC,2012,13.2310228301
553,Low & middle income,LMY,2012,13.228547004700001
554,Lesotho,LSO,2012,36.0
555,Late-demographic dividend,LTE,2012,11.5680537652
556,Lithuania,LTU,2012,26.2000007629
557,Luxembourg,LUX,2012,18.5
558,Latvia,LVA,2012,28.2999992371
559,"Macao SAR, China",MAC,2012,5.0
560,Morocco,MAR,2012,18.5
561,Moldova,MDA,2012,13.100000381500001
562,Madagascar,MDG,2012,6.1999998092999995
563,Maldives,MDV,2012,26.6000003815
564,Middle East & North Africa,MEA,2012,29.6506746376
565,Mexico,MEX,2012,9.5
566,Middle income,MIC,2012,13.5683010521
567,"Macedonia, FYR",MKD,2012,53.7999992371
568,Mali,MLI,2012,10.5
569,Malta,MLT,2012,14.300000190699999
570,Myanmar,MMR,2012,9.3000001907
571,Middle East & North Africa (excluding high income),MNA,2012,30.8900884188
572,Montenegro,MNE,2012,41.2999992371
573,Mongolia,MNG,2012,9.6000003815
574,Mozambique,MOZ,2012,40.7000007629
575,Mauritania,MRT,2012,46.5
576,Mauritius,MUS,2012,23.7000007629
577,Malawi,MWI,2012,14.0
578,Malaysia,MYS,2012,10.1999998093
579,North America,NAC,2012,16.2916509649
580,Namibia,NAM,2012,34.2000007629
581,Niger,NER,2012,7.1999998092999995
582,Nigeria,NGA,2012,13.699999809300001
583,Nicaragua,NIC,2012,10.6000003815
584,Netherlands,NLD,2012,9.5
585,Norway,NOR,2012,8.6000003815
586,Nepal,NPL,2012,4.0
587,New Zealand,NZL,2012,17.7000007629
588,OECD members,OED,2012,17.0854436491
589,Oman,OMN,2012,18.7999992371
590,Other small states,OSS,2012,22.874889468000003
591,Pakistan,PAK,2012,8.1000003815
592,Panama,PAN,2012,10.0
593,Peru,PER,2012,8.5
594,Philippines,PHL,2012,16.3999996185
595,Papua New Guinea,PNG,2012,5.400000095399999
596,Poland,POL,2012,26.3999996185
597,Pre-demographic dividend,PRE,2012,13.9639987078
598,Puerto Rico,PRI,2012,27.3999996185
599,"Korea, Dem. People’s Rep.",PRK,2012,10.6999998093
600,Portugal,PRT,2012,37.5999984741
601,Paraguay,PRY,2012,10.3999996185
602,Post-demographic dividend,PST,2012,18.0182468532
603,Qatar,QAT,2012,1.6000000238
604,Romania,ROU,2012,22.7999992371
605,Russian Federation,RUS,2012,15.0
606,Rwanda,RWA,2012,0.6999999881
607,South Asia,SAS,2012,10.2706743646
608,Saudi Arabia,SAU,2012,28.0
609,Sudan,SDN,2012,22.7000007629
610,Senegal,SEN,2012,12.300000190699999
611,Singapore,SGP,2012,9.0
612,Solomon Islands,SLB,2012,9.3000001907
613,Sierra Leone,SLE,2012,5.0
614,El Salvador,SLV,2012,11.899999618499999
615,Somalia,SOM,2012,10.5
616,Serbia,SRB,2012,50.5999984741
617,Sub-Saharan Africa (excluding high income),SSA,2012,14.5036988421
618,Sub-Saharan Africa,SSF,2012,14.5036988421
619,Small states,SST,2012,23.137585569499997
620,Suriname,SUR,2012,17.3999996185
621,Slovak Republic,SVK,2012,33.9000015259
622,Slovenia,SVN,2012,20.6000003815
623,Sweden,SWE,2012,24.2000007629
624,Swaziland,SWZ,2012,42.0
625,Syrian Arab Republic,SYR,2012,33.7000007629
626,Chad,TCD,2012,10.6000003815
627,East Asia & Pacific (IDA & IBRD countries),TEA,2012,10.8937273751
628,Europe & Central Asia (IDA & IBRD countries),TEC,2012,18.6757055922
629,Togo,TGO,2012,10.6999998093
630,Thailand,THA,2012,3.0999999045999997
631,Tajikistan,TJK,2012,15.399999618499999
632,Turkmenistan,TKM,2012,20.7000007629
633,Latin America & the Caribbean (IDA & IBRD countries),TLA,2012,13.7070499633
634,Middle East & North Africa (IDA & IBRD countries),TMN,2012,30.8039497523
635,Timor-Leste,TLS,2012,13.399999618499999
636,South Asia (IDA & IBRD),TSA,2012,10.2706743646
637,Sub-Saharan Africa (IDA & IBRD countries),TSS,2012,14.5036988421
638,Trinidad and Tobago,TTO,2012,12.399999618499999
639,Tunisia,TUN,2012,32.7999992371
640,Turkey,TUR,2012,17.1000003815
641,Tanzania,TZA,2012,6.0
642,Uganda,UGA,2012,7.400000095399999
643,Ukraine,UKR,2012,17.2999992371
644,Upper middle income,UMC,2012,13.9928119905
645,Uruguay,URY,2012,18.5
646,United States,USA,2012,16.5
647,Uzbekistan,UZB,2012,20.6000003815
648,"Venezuela, RB",VEN,2012,17.1000003815
649,Vietnam,VNM,2012,5.0
650,West Bank and Gaza,PSE,2012,37.2999992371
651,World,WLD,2012,13.8742928945
652,"Yemen, Rep.",YEM,2012,30.2000007629
653,South Africa,ZAF,2012,52.2000007629
654,"Congo, Dem. Rep.",COD,2012,12.300000190699999
655,Zambia,ZMB,2012,26.6000003815
656,Zimbabwe,ZWE,2012,8.3000001907
657,Afghanistan,AFG,2013,21.1000003815
658,Angola,AGO,2013,10.6000003815
659,Albania,ALB,2013,28.7000007629
660,Arab World,ARB,2013,29.335306043600003
661,United Arab Emirates,ARE,2013,9.8999996185
662,Argentina,ARG,2013,19.7000007629
663,Armenia,ARM,2013,32.5
664,Australia,AUS,2013,12.199999809300001
665,Austria,AUT,2013,9.1000003815
666,Azerbaijan,AZE,2013,13.399999618499999
667,Burundi,BDI,2013,10.800000190699999
668,Belgium,BEL,2013,23.1000003815
669,Benin,BEN,2013,1.7999999522999999
670,Burkina Faso,BFA,2013,5.1999998093
671,Bangladesh,BGD,2013,8.8999996185
672,Bulgaria,BGR,2013,29.7000007629
673,Bahrain,BHR,2013,10.6000003815
674,"Bahamas, The",BHS,2013,30.7999992371
675,Bosnia and Herzegovina,BIH,2013,57.4000015259
676,Belarus,BLR,2013,12.0
677,Belize,BLZ,2013,22.3999996185
678,Bolivia,BOL,2013,5.0999999046
679,Brazil,BRA,2013,14.699999809300001
680,Barbados,BRB,2013,26.2000007629
681,Brunei Darussalam,BRN,2013,11.300000190699999
682,Bhutan,BTN,2013,10.3999996185
683,Botswana,BWA,2013,32.7999992371
684,Central African Republic,CAF,2013,12.0
685,Canada,CAN,2013,13.800000190699999
686,Central Europe and the Baltics,CEB,2013,26.775458960500004
687,Switzerland,CHE,2013,8.8000001907
688,Chile,CHL,2013,16.1000003815
689,China,CHN,2013,10.1000003815
690,Cote d'Ivoire,CIV,2013,6.0
691,Cameroon,CMR,2013,6.3000001907000005
692,"Congo, Rep.",COG,2013,10.800000190699999
693,Colombia,COL,2013,16.8999996185
694,Comoros,COM,2013,10.5
695,Cabo Verde,CPV,2013,18.2999992371
696,Costa Rica,CRI,2013,19.8999996185
697,Caribbean small states,CSS,2013,26.4774603156
698,Cuba,CUB,2013,6.900000095399999
699,Cyprus,CYP,2013,36.9000015259
700,Czech Republic,CZE,2013,18.8999996185
701,Germany,DEU,2013,7.8000001907000005
702,Denmark,DNK,2013,13.0
703,Dominican Republic,DOM,2013,31.8999996185
704,Algeria,DZA,2013,20.3999996185
705,East Asia & Pacific (excluding high income),EAP,2013,11.5114838399
706,Early-demographic dividend,EAR,2013,14.223181043399999
707,East Asia & Pacific,EAS,2013,11.2969454042
708,Europe & Central Asia (excluding high income),ECA,2013,17.2950161076
709,Europe & Central Asia,ECS,2013,21.183220361900002
710,Ecuador,ECU,2013,9.8000001907
711,"Egypt, Arab Rep.",EGY,2013,41.7000007629
712,Euro area,EMU,2013,26.9388896771
713,Eritrea,ERI,2013,10.800000190699999
714,Spain,ESP,2013,57.0999984741
715,Estonia,EST,2013,18.7000007629
716,Ethiopia,ETH,2013,6.599999904600001
717,European Union,EUU,2013,25.7172686389
718,Fragile and conflict affected situations,FCS,2013,16.603434421
719,Finland,FIN,2013,19.6000003815
720,Fiji,FJI,2013,19.6000003815
721,France,FRA,2013,23.7000007629
722,Gabon,GAB,2013,35.7000007629
723,United Kingdom,GBR,2013,20.2999992371
724,Georgia,GEO,2013,35.7000007629
725,Ghana,GHA,2013,1.8999999762
726,Guinea,GIN,2013,1.5
727,"Gambia, The",GMB,2013,10.6999998093
728,Guinea-Bissau,GNB,2013,11.0
729,Equatorial Guinea,GNQ,2013,11.0
730,Greece,GRC,2013,58.0
731,Guatemala,GTM,2013,5.6999998092999995
732,Guyana,GUY,2013,23.3999996185
733,High income,HIC,2013,18.5891129546
734,"Hong Kong SAR, China",HKG,2013,8.8999996185
735,Honduras,HND,2013,6.900000095399999
736,Heavily indebted poor countries (HIPC),HPC,2013,11.0571851449
737,Croatia,HRV,2013,50.2999992371
738,Haiti,HTI,2013,17.0
739,Hungary,HUN,2013,27.0
740,IBRD only,IBD,2013,14.303289810999999
741,IDA & IBRD total,IBT,2013,13.354772280799999
742,IDA total,IDA,2013,11.0279282434
743,IDA blend,IDB,2013,10.4813534497
744,Indonesia,IDN,2013,21.7999992371
745,IDA only,IDX,2013,11.329306649000001
746,India,IND,2013,10.3999996185
747,Ireland,IRL,2013,26.7000007629
748,"Iran, Islamic Rep.",IRN,2013,28.7999992371
749,Iraq,IRQ,2013,32.0999984741
750,Iceland,ISL,2013,11.100000381500001
751,Israel,ISR,2013,10.6999998093
752,Italy,ITA,2013,39.7000007629
753,Jamaica,JAM,2013,35.7000007629
754,Jordan,JOR,2013,33.2999992371
755,Japan,JPN,2013,6.8000001907000005
756,Kazakhstan,KAZ,2013,4.0999999046
757,Kenya,KEN,2013,17.2999992371
758,Kyrgyz Republic,KGZ,2013,15.300000190699999
759,Cambodia,KHM,2013,0.6999999881
760,"Korea, Rep.",KOR,2013,9.1999998093
761,Kuwait,KWT,2013,20.5
762,Latin America & Caribbean (excluding high income),LAC,2013,13.212545387
763,Lao PDR,LAO,2013,3.2999999523000003
764,Lebanon,LBN,2013,20.2000007629
765,Liberia,LBR,2013,4.5999999046
766,Libya,LBY,2013,47.0
767,Latin America & Caribbean,LCN,2013,13.3923166452
768,Least developed countries: UN classification,LDC,2013,11.4073686823
769,Low income,LIC,2013,10.2164079288
770,Sri Lanka,LKA,2013,18.3999996185
771,Lower middle income,LMC,2013,13.320711411400001
772,Low & middle income,LMY,2013,13.2690248166
773,Lesotho,LSO,2013,30.5
774,Late-demographic dividend,LTE,2013,11.8162114064
775,Lithuania,LTU,2013,21.8999996185
776,Luxembourg,LUX,2013,19.2000007629
777,Latvia,LVA,2013,23.1000003815
778,"Macao SAR, China",MAC,2013,3.5
779,Morocco,MAR,2013,18.3999996185
780,Moldova,MDA,2013,13.5
781,Madagascar,MDG,2013,5.599999904600001
782,Maldives,MDV,2013,26.0
783,Middle East & North Africa,MEA,2013,29.933500029
784,Mexico,MEX,2013,9.3999996185
785,Middle income,MIC,2013,13.651923726800002
786,"Macedonia, FYR",MKD,2013,51.7999992371
787,Mali,MLI,2013,10.5
788,Malta,MLT,2013,14.100000381500001
789,Myanmar,MMR,2013,9.3000001907
790,Middle East & North Africa (excluding high income),MNA,2013,31.211483252199997
791,Montenegro,MNE,2013,40.5
792,Mongolia,MNG,2013,9.6000003815
793,Mozambique,MOZ,2013,40.7000007629
794,Mauritania,MRT,2013,46.5999984741
795,Mauritius,MUS,2013,21.8999996185
796,Malawi,MWI,2013,13.899999618499999
797,Malaysia,MYS,2013,10.6000003815
798,North America,NAC,2013,15.610488135
799,Namibia,NAM,2013,40.5999984741
800,Niger,NER,2013,7.1999998092999995
801,Nigeria,NGA,2013,13.600000381500001
802,Nicaragua,NIC,2013,7.6999998092999995
803,Netherlands,NLD,2013,11.0
804,Norway,NOR,2013,9.1000003815
805,Nepal,NPL,2013,4.0
806,New Zealand,NZL,2013,15.800000190699999
807,OECD members,OED,2013,16.9238188398
808,Oman,OMN,2013,18.6000003815
809,Other small states,OSS,2013,23.211869016199998
810,Pakistan,PAK,2013,8.3000001907
811,Panama,PAN,2013,10.1000003815
812,Peru,PER,2013,8.6999998093
813,Philippines,PHL,2013,16.6000003815
814,Papua New Guinea,PNG,2013,5.5
815,Poland,POL,2013,27.2000007629
816,Pre-demographic dividend,PRE,2013,13.9281007043
817,Puerto Rico,PRI,2013,28.1000003815
818,"Korea, Dem. People’s Rep.",PRK,2013,10.6000003815
819,Portugal,PRT,2013,37.7999992371
820,Paraguay,PRY,2013,10.5
821,Post-demographic dividend,PST,2013,17.8901622731
822,Qatar,QAT,2013,1.2000000477
823,Romania,ROU,2013,23.7999992371
824,Russian Federation,RUS,2013,14.100000381500001
825,Rwanda,RWA,2013,0.6999999881
826,South Asia,SAS,2013,10.1897166407
827,Saudi Arabia,SAU,2013,28.7000007629
828,Sudan,SDN,2013,23.0
829,Senegal,SEN,2013,13.0
830,Singapore,SGP,2013,9.0
831,Solomon Islands,SLB,2013,9.3999996185
832,Sierra Leone,SLE,2013,4.9000000954
833,El Salvador,SLV,2013,11.199999809300001
834,Somalia,SOM,2013,10.6000003815
835,Serbia,SRB,2013,49.7000007629
836,Sub-Saharan Africa (excluding high income),SSA,2013,14.050604189500001
837,Sub-Saharan Africa,SSF,2013,14.050604189500001
838,Small states,SST,2013,23.4711215706
839,Suriname,SUR,2013,15.5
840,Slovak Republic,SVK,2013,33.5
841,Slovenia,SVN,2013,22.7999992371
842,Sweden,SWE,2013,23.7999992371
843,Swaziland,SWZ,2013,42.0
844,Syrian Arab Republic,SYR,2013,32.4000015259
845,Chad,TCD,2013,10.6999998093
846,East Asia & Pacific (IDA & IBRD countries),TEA,2013,11.5228964301
847,Europe & Central Asia (IDA & IBRD countries),TEC,2013,18.2843710363
848,Togo,TGO,2013,10.6999998093
849,Thailand,THA,2013,3.2000000476999997
850,Tajikistan,TJK,2013,15.699999809300001
851,Turkmenistan,TKM,2013,20.6000003815
852,Latin America & the Caribbean (IDA & IBRD countries),TLA,2013,13.391826529100001
853,Middle East & North Africa (IDA & IBRD countries),TMN,2013,31.1058772791
854,Timor-Leste,TLS,2013,13.399999618499999
855,South Asia (IDA & IBRD),TSA,2013,10.1897166407
856,Sub-Saharan Africa (IDA & IBRD countries),TSS,2013,14.050604189500001
857,Trinidad and Tobago,TTO,2013,9.1000003815
858,Tunisia,TUN,2013,31.2999992371
859,Turkey,TUR,2013,16.5
860,Tanzania,TZA,2013,5.3000001907
861,Uganda,UGA,2013,7.400000095399999
862,Ukraine,UKR,2013,16.0
863,Upper middle income,UMC,2013,14.0862274063
864,Uruguay,URY,2013,18.1000003815
865,United States,USA,2013,15.800000190699999
866,Uzbekistan,UZB,2013,20.5
867,"Venezuela, RB",VEN,2013,14.800000190699999
868,Vietnam,VNM,2013,6.3000001907000005
869,West Bank and Gaza,PSE,2013,38.7000007629
870,World,WLD,2013,13.903831911300001
871,"Yemen, Rep.",YEM,2013,30.2000007629
872,South Africa,ZAF,2013,51.4000015259
873,"Congo, Dem. Rep.",COD,2013,12.199999809300001
874,Zambia,ZMB,2013,25.5
875,Zimbabwe,ZWE,2013,8.8999996185
876,Afghanistan,AFG,2014,20.7999992371
877,Angola,AGO,2014,10.5
878,Albania,ALB,2014,29.2000007629
879,Arab World,ARB,2014,29.7045691168
880,United Arab Emirates,ARE,2014,10.0
881,Argentina,ARG,2014,21.2999992371
882,Armenia,ARM,2014,35.0999984741
883,Australia,AUS,2014,13.100000381500001
884,Austria,AUT,2014,9.1999998093
885,Azerbaijan,AZE,2014,13.600000381500001
886,Burundi,BDI,2014,10.6999998093
887,Belgium,BEL,2014,23.6000003815
888,Benin,BEN,2014,1.7000000477000001
889,Burkina Faso,BFA,2014,5.0
890,Bangladesh,BGD,2014,9.1000003815
891,Bulgaria,BGR,2014,25.8999996185
892,Bahrain,BHR,2014,10.899999618499999
893,"Bahamas, The",BHS,2014,30.1000003815
894,Bosnia and Herzegovina,BIH,2014,57.5
895,Belarus,BLR,2014,12.0
896,Belize,BLZ,2014,22.0
897,Bolivia,BOL,2014,5.1999998093
898,Brazil,BRA,2014,15.199999809300001
899,Barbados,BRB,2014,26.7999992371
900,Brunei Darussalam,BRN,2014,11.100000381500001
901,Bhutan,BTN,2014,10.0
902,Botswana,BWA,2014,33.9000015259
903,Central African Republic,CAF,2014,11.899999618499999
904,Canada,CAN,2014,13.399999618499999
905,Central Europe and the Baltics,CEB,2014,24.326735182600004
906,Switzerland,CHE,2014,8.6999998093
907,Chile,CHL,2014,16.3999996185
908,China,CHN,2014,10.5
909,Cote d'Ivoire,CIV,2014,5.8000001907000005
910,Cameroon,CMR,2014,6.6999998092999995
911,"Congo, Rep.",COG,2014,10.6999998093
912,Colombia,COL,2014,18.8999996185
913,Comoros,COM,2014,10.6000003815
914,Cabo Verde,CPV,2014,18.7999992371
915,Costa Rica,CRI,2014,19.2000007629
916,Caribbean small states,CSS,2014,24.5967753715
917,Cuba,CUB,2014,7.099999904600001
918,Cyprus,CYP,2014,35.7000007629
919,Czech Republic,CZE,2014,16.7000007629
920,Germany,DEU,2014,7.599999904600001
921,Denmark,DNK,2014,12.399999618499999
922,Dominican Republic,DOM,2014,31.3999996185
923,Algeria,DZA,2014,20.0
924,East Asia & Pacific (excluding high income),EAP,2014,11.7905789249
925,Early-demographic dividend,EAR,2014,14.3505036316
926,East Asia & Pacific,EAS,2014,11.570404903
927,Europe & Central Asia (excluding high income),ECA,2014,17.2492839678
928,Europe & Central Asia,ECS,2014,20.8899802535
929,Ecuador,ECU,2014,10.800000190699999
930,"Egypt, Arab Rep.",EGY,2014,42.0
931,Euro area,EMU,2014,27.583945983899998
932,Eritrea,ERI,2014,10.899999618499999
933,Spain,ESP,2014,57.9000015259
934,Estonia,EST,2014,17.0
935,Ethiopia,ETH,2014,7.099999904600001
936,European Union,EUU,2014,25.1161391909
937,Fragile and conflict affected situations,FCS,2014,16.6622614164
938,Finland,FIN,2014,19.2000007629
939,Fiji,FJI,2014,18.6000003815
940,France,FRA,2014,23.8999996185
941,Gabon,GAB,2014,35.5
942,United Kingdom,GBR,2014,16.7000007629
943,Georgia,GEO,2014,34.0999984741
944,Ghana,GHA,2014,3.2999999523000003
945,Guinea,GIN,2014,1.7000000477000001
946,"Gambia, The",GMB,2014,10.6000003815
947,Guinea-Bissau,GNB,2014,11.100000381500001
948,Equatorial Guinea,GNQ,2014,12.600000381500001
949,Greece,GRC,2014,53.9000015259
950,Guatemala,GTM,2014,5.400000095399999
951,Guyana,GUY,2014,23.7999992371
952,High income,HIC,2014,17.831891963
953,"Hong Kong SAR, China",HKG,2014,8.5
954,Honduras,HND,2014,6.900000095399999
955,Heavily indebted poor countries (HIPC),HPC,2014,11.1249198842
956,Croatia,HRV,2014,45.9000015259
957,Haiti,HTI,2014,17.1000003815
958,Hungary,HUN,2014,21.0
959,IBRD only,IBD,2014,14.5445281104
960,IDA & IBRD total,IBT,2014,13.5311260249
961,IDA total,IDA,2014,11.128515701900001
962,IDA blend,IDB,2014,10.619027829
963,Indonesia,IDN,2014,21.7999992371
964,IDA only,IDX,2014,11.4049084151
965,India,IND,2014,10.3999996185
966,Ireland,IRL,2014,25.7999992371
967,"Iran, Islamic Rep.",IRN,2014,29.3999996185
968,Iraq,IRQ,2014,34.5999984741
969,Iceland,ISL,2014,10.899999618499999
970,Israel,ISR,2014,11.0
971,Italy,ITA,2014,44.0999984741
972,Jamaica,JAM,2014,30.5
973,Jordan,JOR,2014,28.7999992371
974,Japan,JPN,2014,6.5
975,Kazakhstan,KAZ,2014,3.5
976,Kenya,KEN,2014,17.3999996185
977,Kyrgyz Republic,KGZ,2014,14.699999809300001
978,Cambodia,KHM,2014,0.8999999762
979,"Korea, Rep.",KOR,2014,10.3999996185
980,Kuwait,KWT,2014,19.3999996185
981,Latin America & Caribbean (excluding high income),LAC,2014,13.864309649700001
982,Lao PDR,LAO,2014,3.4000000954000003
983,Lebanon,LBN,2014,20.7000007629
984,Liberia,LBR,2014,4.5999999046
985,Libya,LBY,2014,48.9000015259
986,Latin America & Caribbean,LCN,2014,14.030339621800001
987,Least developed countries: UN classification,LDC,2014,11.4583220967
988,Low income,LIC,2014,10.229319291
989,Sri Lanka,LKA,2014,19.1000003815
990,Lower middle income,LMC,2014,13.3848246193
991,Low & middle income,LMY,2014,13.4670080071
992,Lesotho,LSO,2014,33.0
993,Late-demographic dividend,LTE,2014,12.0656138909
994,Lithuania,LTU,2014,21.5
995,Luxembourg,LUX,2014,16.0
996,Latvia,LVA,2014,19.2999992371
997,"Macao SAR, China",MAC,2014,2.9000000954000003
998,Morocco,MAR,2014,20.2000007629
999,Moldova,MDA,2014,8.5
1000,Madagascar,MDG,2014,5.1999998093
1001,Maldives,MDV,2014,26.8999996185
1002,Middle East & North Africa,MEA,2014,30.40355258
1003,Mexico,MEX,2014,9.8999996185
1004,Middle income,MIC,2014,13.890204546500001
1005,"Macedonia, FYR",MKD,2014,50.7999992371
1006,Mali,MLI,2014,10.5
1007,Malta,MLT,2014,13.600000381500001
1008,Myanmar,MMR,2014,9.5
1009,Middle East & North Africa (excluding high income),MNA,2014,31.683832911
1010,Montenegro,MNE,2014,39.5
1011,Mongolia,MNG,2014,9.3000001907
1012,Mozambique,MOZ,2014,40.7000007629
1013,Mauritania,MRT,2014,46.5999984741
1014,Mauritius,MUS,2014,21.2000007629
1015,Malawi,MWI,2014,13.800000190699999
1016,Malaysia,MYS,2014,6.6999998092999995
1017,North America,NAC,2014,13.9430995948
1018,Namibia,NAM,2014,38.7000007629
1019,Niger,NER,2014,7.099999904600001
1020,Nigeria,NGA,2014,13.600000381500001
1021,Nicaragua,NIC,2014,7.599999904600001
1022,Netherlands,NLD,2014,11.100000381500001
1023,Norway,NOR,2014,8.3999996185
1024,Nepal,NPL,2014,4.0
1025,New Zealand,NZL,2014,14.600000381500001
1026,OECD members,OED,2014,16.4083208222
1027,Oman,OMN,2014,18.7999992371
1028,Other small states,OSS,2014,23.321337442199997
1029,Pakistan,PAK,2014,8.6000003815
1030,Panama,PAN,2014,11.0
1031,Peru,PER,2014,9.1999998093
1032,Philippines,PHL,2014,16.3999996185
1033,Papua New Guinea,PNG,2014,5.400000095399999
1034,Poland,POL,2014,24.0
1035,Pre-demographic dividend,PRE,2014,13.979841325499999
1036,Puerto Rico,PRI,2014,27.7999992371
1037,"Korea, Dem. People’s Rep.",PRK,2014,10.6000003815
1038,Portugal,PRT,2014,36.7999992371
1039,Paraguay,PRY,2014,9.3000001907
1040,Post-demographic dividend,PST,2014,17.1987833422
1041,Qatar,QAT,2014,1.2999999523
1042,Romania,ROU,2014,25.1000003815
1043,Russian Federation,RUS,2014,12.899999618499999
1044,Rwanda,RWA,2014,0.6999999881
1045,South Asia,SAS,2014,10.2511491142
1046,Saudi Arabia,SAU,2014,29.5
1047,Sudan,SDN,2014,23.2999992371
1048,Senegal,SEN,2014,13.0
1049,Singapore,SGP,2014,9.6000003815
1050,Solomon Islands,SLB,2014,9.5
1051,Sierra Leone,SLE,2014,4.9000000954
1052,El Salvador,SLV,2014,11.699999809300001
1053,Somalia,SOM,2014,10.6000003815
1054,Serbia,SRB,2014,49.5
1055,Sub-Saharan Africa (excluding high income),SSA,2014,14.1242997443
1056,Sub-Saharan Africa,SSF,2014,14.1242997443
1057,Small states,SST,2014,23.1944172222
1058,Suriname,SUR,2014,17.8999996185
1059,Slovak Republic,SVK,2014,31.1000003815
1060,Slovenia,SVN,2014,20.7999992371
1061,Sweden,SWE,2014,22.7999992371
1062,Swaziland,SWZ,2014,42.5999984741
1063,Syrian Arab Republic,SYR,2014,30.1000003815
1064,Chad,TCD,2014,10.5
1065,East Asia & Pacific (IDA & IBRD countries),TEA,2014,11.806054095899999
1066,Europe & Central Asia (IDA & IBRD countries),TEC,2014,17.9734925612
1067,Togo,TGO,2014,10.6999998093
1068,Thailand,THA,2014,3.9000000954000003
1069,Tajikistan,TJK,2014,15.5
1070,Turkmenistan,TKM,2014,20.2000007629
1071,Latin America & the Caribbean (IDA & IBRD countries),TLA,2014,14.0410692882
1072,Middle East & North Africa (IDA & IBRD countries),TMN,2014,31.5217876817
1073,Timor-Leste,TLS,2014,14.0
1074,South Asia (IDA & IBRD),TSA,2014,10.2511491142
1075,Sub-Saharan Africa (IDA & IBRD countries),TSS,2014,14.1242997443
1076,Trinidad and Tobago,TTO,2014,10.6000003815
1077,Tunisia,TUN,2014,31.7999992371
1078,Turkey,TUR,2014,17.7000007629
1079,Tanzania,TZA,2014,5.5
1080,Uganda,UGA,2014,6.8000001907000005
1081,Ukraine,UKR,2014,16.8999996185
1082,Upper middle income,UMC,2014,14.581009233800001
1083,Uruguay,URY,2014,19.1000003815
1084,United States,USA,2014,14.0
1085,Uzbekistan,UZB,2014,20.2999992371
1086,"Venezuela, RB",VEN,2014,17.1000003815
1087,Vietnam,VNM,2014,6.3000001907000005
1088,West Bank and Gaza,PSE,2014,42.7000007629
1089,World,WLD,2014,13.9871842021
1090,"Yemen, Rep.",YEM,2014,29.8999996185
1091,South Africa,ZAF,2014,52.5999984741
1092,"Congo, Dem. Rep.",COD,2014,11.899999618499999
1093,Zambia,ZMB,2014,25.1000003815
1094,Zimbabwe,ZWE,2014,9.3999996185
